{
  "overall": {
    "n": 500,
    "accuracy": 0.98,
    "precision": 0.9697885196374623,
    "recall": 1.0,
    "f1": 0.9846625766871165,
    "auc": 0.9824657581927982
  },
  "per_category": {
    "animal": {
      "n": 75,
      "accuracy": 0.9733333333333334,
      "precision": 0.95,
      "recall": 1.0,
      "f1": 0.9743589743589743,
      "auc": 0.9715504978662873
    },
    "deepfake": {
      "n": 115,
      "accuracy": 0.991304347826087,
      "precision": 0.989010989010989,
      "recall": 1.0,
      "f1": 0.994475138121547,
      "auc": 0.98
    },
    "doc": {
      "n": 43,
      "accuracy": 1.0,
      "precision": 1.0,
      "recall": 1.0,
      "f1": 1.0,
      "auc": 1.0
    },
    "human": {
      "n": 41,
      "accuracy": 0.975609756097561,
      "precision": 0.9642857142857143,
      "recall": 1.0,
      "f1": 0.9818181818181818,
      "auc": 0.9973544973544974
    },
    "object": {
      "n": 108,
      "accuracy": 0.9629629629629629,
      "precision": 0.9420289855072463,
      "recall": 1.0,
      "f1": 0.9701492537313433,
      "auc": 0.9676207513416817
    },
    "satellite": {
      "n": 86,
      "accuracy": 1.0,
      "precision": 1.0,
      "recall": 1.0,
      "f1": 1.0,
      "auc": 1.0
    },
    "scene": {
      "n": 32,
      "accuracy": 0.9375,
      "precision": 0.92,
      "recall": 1.0,
      "f1": 0.9583333333333334,
      "auc": 0.9057971014492754
    }
  }
}